candidate_id,status,title,year,publisher,source_url,final_url,http_status,content_type,retrieval_method,raw_bytes,raw_sha256,extraction_method,pages,text_chars,text_words,text_sha256,error
OFFICIAL-001,acquired_extracted,AMCU Heads of Argument,2014,AMCU,https://www.justice.gov.za/comm-mrk/docs/201411-HoA-AMCU.pdf,https://www.justice.gov.za/comm-mrk/docs/201411-HoA-AMCU.pdf,200,application/pdf,http,1289040,4f2b5a56bb32eef8f4d49513e3f823eb1df9e71b82480217fec74715afaba116,pypdf,204,322588,57418,2329ab8cdbe3f8fa3df7ee773e7e983be5312963fdc8b679bdef89a76073d5e8,
OFFICIAL-002,acquired_extracted,Bapo ba Mogale Heads of Argument,2014,Bapo ba Mogale,https://www.justice.gov.za/comm-mrk/docs/201411-HoA-BapoBaMogale.pdf,https://www.justice.gov.za/comm-mrk/docs/201411-HoA-BapoBaMogale.pdf,200,application/pdf,http,584316,f95ee11427c53a93dda576ce51a8ea7ca9e088a20e5a408807aa3c40a2f37bb0,pypdf,19,25637,4217,bf91091cb4bf84e25d30f185ba2eb3585778bf3380225d4784d38d5dc3502d81,
OFFICIAL-003,acquired_extracted,DMR-Shabangu Heads of Argument,2014,DMR / Minister Shabangu,https://www.justice.gov.za/comm-mrk/docs/201411-HoA-DMR-Shabangu.pdf,https://www.justice.gov.za/comm-mrk/docs/201411-HoA-DMR-Shabangu.pdf,200,application/pdf,http,241141,2113706d2dd3caa2d41289923e5a960b2844042c990cedc78b8e057672d17f2c,pypdf,27,25602,4315,6b1f4805dfd69f53ebc360bc503b2b311d775ab7af9a98129f671e1b48133e1b,
OFFICIAL-004,acquired_extracted,Heads of Argument of Evidence Leaders,2014,Evidence Leaders,https://www.justice.gov.za/comm-mrk/docs/201411-HoA-EvidenceLeaders.pdf,https://www.justice.gov.za/comm-mrk/docs/201411-HoA-EvidenceLeaders.pdf,200,application/pdf,http,4511946,a278e432d0c7e22d539d92e89710f6a5487653f084de5620bea9062ea30f893d,pypdf,706,1002712,169508,23c1739b2abac91354f6fca02e35d78cbf6714e03f18f14b2266b1fba9a6c8be,
OFFICIAL-005,acquired_extracted,Heads of Argument on behalf of Families,2014,Families,https://www.justice.gov.za/comm-mrk/docs/201411-HoA-Families.pdf,https://www.justice.gov.za/comm-mrk/docs/201411-HoA-Families.pdf,200,application/pdf,http,1816346,10cee97065638472c3bde3dbf49acb2385a68a908d57b5d7a9c9bef4bc5568a4,pypdf,453,430775,76233,70c17181247f0ce84bef334de5ae637a90ca73a96cc74d59a5d106cf104a0c52,
OFFICIAL-006,acquired_extracted,Heads of Argument of Injured and Arrested Persons,2014,Injured and Arrested Persons,https://www.justice.gov.za/comm-mrk/docs/201411-HoA-InjuredArrested.pdf,https://www.justice.gov.za/comm-mrk/docs/201411-HoA-InjuredArrested.pdf,200,application/pdf,http,1379119,432dd7ab85996f0c5a091e61a2e1e0fcb2352c2f886a814e9f005fb956c4b8a0,pypdf,304,421061,73475,356f1855cd0637e8952cc67ecdc60abc4b4d9c4f5a4c2cab6c9f67b8f1af8574,
OFFICIAL-007,acquired_extracted,Lonmin Heads of Argument,2014,Lonmin,https://www.justice.gov.za/comm-mrk/docs/201411-HoA-Lonmin.pdf,https://www.justice.gov.za/comm-mrk/docs/201411-HoA-Lonmin.pdf,200,application/pdf,http,5888821,c4f2c87596610a942adf5ac339aef291b5e8e3c75372ff95e61ff01af3b14cb4,pypdf,167,268169,45510,7a1dea39f6bc18d27fd2050bce1996955fb9c838726b48ee52abea3a793aaec0,
OFFICIAL-008,acquired_extracted,LRC Heads of Argument,2014,Legal Resources Centre,https://www.justice.gov.za/comm-mrk/docs/201411-HoA-LRC.pdf,https://www.justice.gov.za/comm-mrk/docs/201411-HoA-LRC.pdf,200,application/pdf,http,1352524,a2a3e9661ff56739109e52b44d1c03cdee28a2c5d4a5e6c0dfe4d3e1243d2545,pypdf,285,409582,69796,e39dd93f27f073f128fb6c50ab29c473fba989b2e83646aca1e7d0fa10e46d9f,
OFFICIAL-009,acquired_extracted,Mthethwa Heads of Argument,2014,Nathi Mthethwa,https://www.justice.gov.za/comm-mrk/docs/201411-HoA-Mthethwa.pdf,https://www.justice.gov.za/comm-mrk/docs/201411-HoA-Mthethwa.pdf,200,application/pdf,http,119321,3a5b1dd209b8d180ed94f99085c9d03b23064dabbf6a41856ffde9697ef06cec,pypdf,30,38687,6369,bfd0a684460875b41cbf670bf87267be4b49664ba7d0ed4383feda231024e40e,
OFFICIAL-010,acquired_extracted,NUM & Mrs Fundi Heads of Argument,2014,NUM and Mrs Fundi,https://www.justice.gov.za/comm-mrk/docs/201411-HoA-NUM-MrsFundi.pdf,https://www.justice.gov.za/comm-mrk/docs/201411-HoA-NUM-MrsFundi.pdf,200,application/pdf,http,874734,2e4ec90d5f431c7f457a1016c189e0d01f377b5de27971fd57c16540ef033984,pypdf,120,252865,43558,3fdc8bf2a63f46b2df2e4212f34f53a78de15400010c50235f7f6284855cf532,
OFFICIAL-011,acquired_extracted,Ramaphosa Heads of Argument,2014,Cyril Ramaphosa,https://www.justice.gov.za/comm-mrk/docs/201411-HoA-Ramaphosa.pdf,https://www.justice.gov.za/comm-mrk/docs/201411-HoA-Ramaphosa.pdf,200,application/pdf,http,545058,3ef8af1f25f3408d100e257fcc89e47e00be9b4af7e484c3e709f2e5c5893745,pypdf,70,104447,16541,bdcfe8c8aad8cdb0c2176d8947348b78d3978d681bc1d1a9bccee3b136b8c3b2,
OFFICIAL-012,acquired_extracted,SAHRC Heads of Argument,2014,South African Human Rights Commission,https://www.justice.gov.za/comm-mrk/docs/201411-HoA-SAHRC.pdf,https://www.justice.gov.za/comm-mrk/docs/201411-HoA-SAHRC.pdf,200,application/pdf,http,4511328,34ceabb20c67c27db1464179ea8be21bf8fe520e019b6cc43af3ab95be37d458,pypdf,629,1108033,174794,03b10259e1a7e2acefcae919fa0509fb4a3386c52f439713e626ff1d07ce6b39,
OFFICIAL-013,acquired_extracted,SAPS Heads of Argument,2014,South African Police Service,https://www.justice.gov.za/comm-mrk/docs/201411-HoA-SAPS.pdf,https://www.justice.gov.za/comm-mrk/docs/201411-HoA-SAPS.pdf,200,application/pdf,http,905384,9401038ee48a2c514e7c90494a834eb393ecda9a12a50158201af4623a4efa9f,pypdf,236,342197,57836,7c5a4d3f62e15a5ee9d23835f7d705486ff89e66b8ffa2bb6b9bb8897c0457fc,
INST-001,acquired_extracted,Marikana Commission of Inquiry: Report on matters of public national and international concern arising out of tragic incidents at Lonmin Mine in Marikana,2015,South African Human Rights Commission mirror of official Farlam report,https://www.sahrc.org.za/home/21/files/marikana-report-1.pdf,https://sahrc.org.za/home/21/files/marikana-report-1.pdf,200,application/pdf,http,8418819,6dc14bc3df9126bb337c42af38eab6efb3f598521a80ab51265bff71ad6de66c,pypdf,660,876336,153495,163a99e15ce37d18416ec8c0240fbd9d2295b43369d59437a4481394241b391d,
INST-002,acquired_extracted,Policy Gap 6: A Review of Platinum Mining in the Bojanala District of the North West Province,2012,Bench Marks Foundation,https://www.bench-marks.org.za/wp-content/uploads/2021/02/rustenburg_review_policy_gap_final_aug_2012.pdf,https://www.bench-marks.org.za/wp-content/uploads/2021/02/rustenburg_review_policy_gap_final_aug_2012.pdf,local,application/pdf,repo_fallback:data/raw/Bench_Marks_PG6.pdf,3145844,251a4f08358bf84872fbd216832e8f2c13582629254e594fe4825880a6869ade,pypdf,167,341785,51202,11211d480bd110f3ad9a047f1571a99f6af3aa7929786c2fa79123f56b604079,
INST-004,acquired_extracted,Policy Gap 10: Floating or Sinking Social Licence to Operate: Kumba Iron Ore Limited,2016,Bench Marks Foundation,,,local,application/pdf,repo_fallback:data/raw/Bench_Marks_PG10.pdf,1516247,644a5d8cbf1d5e1d9d8c3ee0c6f0232aefd377650a9f3a8ce4f25f353347a1aa,pypdf,88,213617,31831,e839bfafb82f59e1a35e06bba7bbc226bceea8a2abb76012714284949ed939bf,
INST-005,acquired_extracted,Statement on behalf of the deceased miners' families represented before the Marikana Commission of Inquiry,2013,Socio-Economic Rights Institute of South Africa,https://justice.gov.za/comm-mrk/exhibits/Exhibit-FFF-26.pdf,https://justice.gov.za/comm-mrk/exhibits/Exhibit-FFF-26.pdf,200,application/pdf,http,156467,a7dc18f133703008c2714a215f68fa105efe5c971a954c7242d15707b840b095,pypdf,1,1752,267,202893e33c78b34d58da9f4c3629db2c8d187835c2ed2238dd883f94618e1f31,
INST-003,acquired_extracted,Zero Hour: Poor Governance of Mining and the Violation of Environmental Rights in South Africa,2016,Centre for Environmental Rights,https://cer.org.za/wp-content/uploads/2016/06/Zero-Hour-May-2016.pdf,https://cer.org.za/wp-content/uploads/2016/06/Zero-Hour-May-2016.pdf,local,application/pdf,repo_fallback:data/raw/CER_Zero_Hour.pdf,4460700,c7ae6ae2b71b3fe1a176659468ec949ea9883f077137c7d69159990677099048,pypdf,108,398468,62089,06825b5e4c0e90c89c8d6ae213ddf8adc1785cd3021d902cec4ce08a8a146ab7,
MEDIA-001,acquired_extracted,Lonmin killings hurt SA as mining destination,2012,Mining Weekly,https://www.miningweekly.com/article/lonmin-killings-hurt-sa-as-mining-destination-2012-09-10,https://www.miningweekly.com/article/lonmin-killings-hurt-sa-as-mining-destination-2012-09-10,200,text/html,http,265405,decfad2d9106f4faacbbe9d6d3480a1fc31adde4d99f8f3243ba34fdfafc8562,trafilatura,,6695,1075,2baf16255b351cd39de6f66ea1a78fde9add9c6bdef55dffbc8777ceaa6f1b89,
MEDIA-002,acquired_extracted,Lonmin's killing fields: the inevitable tragic next move,2012,Daily Maverick,https://www.dailymaverick.co.za/article/2012-08-17-lonmins-killing-fields-the-inevitable-tragic-next-move/,https://www.dailymaverick.co.za/article/2012-08-17-lonmins-killing-fields-the-inevitable-tragic-next-move/,200,text/html,http,316770,8090e2f1c94935e0af5d36527db13811ce781e46cba36945d414af0fba83c6ce,trafilatura,,7116,1205,7dd4399a36895df63e383406f6829917b5fc670737d155cd1b39b8b4b3510bb2,
MEDIA-003,acquired_extracted,Lonmin: Malema fans the flames but the victims are still out in the cold,2012,Daily Maverick,https://www.dailymaverick.co.za/article/2012-08-18-lonmin-malema-fans-the-flames-but-the-victims-are-still-out-in-the-cold/,https://www.dailymaverick.co.za/article/2012-08-18-lonmin-malema-fans-the-flames-but-the-victims-are-still-out-in-the-cold/,200,text/html,http,339967,8e5489530c8bb938ac39ed48bf9f3e2f894d793a547a669f29e0fbecafeecaad,trafilatura,,11955,2194,ad7f9339bb80d256c291459733ad8888ed53913973663e5086f6adf3947de7b3,
MEDIA-004,acquired_extracted,Marikana: Police torture takes centre stage,2012,Daily Maverick,https://www.dailymaverick.co.za/article/2012-08-28-marikana-police-torture-takes-central-stage/,https://www.dailymaverick.co.za/article/2012-08-28-marikana-police-torture-takes-central-stage/,200,text/html,http,321007,4ec8b60c1fd5771277313ab0dae415dd76a584198b1aa62f9238ab7328da5fff,trafilatura,,7245,1236,6823488070f8637201f6485e7c1678e0b25fb031012d4de1d46c2e7b658e25b5,
MEDIA-005,acquired_extracted,Marikana eyewitness: He raised his hands they shoot him in the head,2012,Daily Maverick,https://www.dailymaverick.co.za/article/2012-09-06-marikana-eyewitness-he-raised-his-hands-they-shoot-him-in-the-head/,https://www.dailymaverick.co.za/article/2012-09-06-marikana-eyewitness-he-raised-his-hands-they-shoot-him-in-the-head/,200,text/html,http,312938,570b9518a9bafa2068a6916571c38dea307839ae8f97d3b351a124be9d3fad88,trafilatura,,6443,1165,c7e506a9597340efb24b8c3f7c2dccd1ac0452b37c03debd5fbad90883fdcd30,
MEDIA-006,acquired_extracted,Marikana: Mourning families and their forgotten legal rights,2012,Daily Maverick,https://www.dailymaverick.co.za/article/2012-08-28-marikana-mourning-families-and-their-forgotten-legal-rights/,https://www.dailymaverick.co.za/article/2012-08-28-marikana-mourning-families-and-their-forgotten-legal-rights/,200,text/html,http,325609,3b882cf0a29b64ab881ed3fbe507439d8d425bcee2f49faa5a0fd0edccc1c7c7,trafilatura,,8047,1357,75a60d9c89b60dc5f0cb4300f5c6911e952d005fa07524248f0b4470a5a8e445,
MEDIA-007,acquired_extracted,FIVE MINUTES: SOUTH AFRICA 16 August 2012,2012,Daily Maverick,https://www.dailymaverick.co.za/article/2012-08-16-five-minutes-south-africa-16-august-2012/,https://www.dailymaverick.co.za/article/2012-08-16-five-minutes-south-africa-16-august-2012/,200,text/html,http,309766,25f01bf678d878b066503cfd94192ce67a0bad5d5ad7fbd36a9c776f84ff045e,trafilatura,,6211,1013,a28c1b1c9591aadca97f55f17a227a89884c6e9ee63138d81d66e9917291b2c5,
MEDIA-008,acquired_extracted,Lonmin commemorates deceased mineworkers describes massacre as catalyst for change,2013,Mining Weekly,https://www.miningweekly.com/article/lonmin-commemorates-deceased-mineworkers-describes-massacre-as-catalyst-for-change-2013-08-23,https://www.miningweekly.com/article/lonmin-commemorates-deceased-mineworkers-describes-massacre-as-catalyst-for-change-2013-08-23,200,text/html,http,264960,fc4f58e724b5341fb92c5f9eaa9d8009d95e85ea2b749403eb89bdfbef5d065d,trafilatura,,6991,1096,33df94c4dc071e31a220428290a8e9514abe0fd4d97f5a0a24b1620bb03f2d74,
MEDIA-009,acquired_extracted,Economy failed miners says AMCUs Mathunjwa,2013,Mining Weekly,https://www.miningweekly.com/article/economy-failed-miners-says-amcus-mathunjwa-2013-08-16,https://www.miningweekly.com/article/economy-failed-miners-says-amcus-mathunjwa-2013-08-16,200,text/html,http,262010,a23634d722018a034ec3ef097d46591bae85a6ab04aeb8028402833f52ba4e1b,trafilatura,,3889,614,da57ceba1c62254d7a042da0a7c3082c650170d16477a4acfa1159a6f3a7d1ed,
MEDIA-010,acquired_extracted,Slain Marikana workers to be remembered,2013,Mining Weekly,https://www.miningweekly.com/article/slain-marikana-workers-to-be-remembered-2013-08-13,https://www.miningweekly.com/article/slain-marikana-workers-to-be-remembered-2013-08-13,200,text/html,http,260845,a1f9b8d3b2e895c770b53806eb7de78b1e34c377a610b00246abc53d5504541b,trafilatura,,5118,840,4e69553c50d5aebbe2143f6f911833ffe51800b29c392bdf205e7abced504227,
MEDIA-011,acquired_extracted,Marikana one year later: the hell above and below ground,2013,Daily Maverick,https://www.dailymaverick.co.za/article/2013-08-16-marikana-one-year-later-the-hell-above-and-below-ground/,https://www.dailymaverick.co.za/article/2013-08-16-marikana-one-year-later-the-hell-above-and-below-ground/,200,text/html,http,348584,4a6d52a294ea6d6ca394b2089e82df563e034a64d48f10a6d7b8650b6c77b47f,trafilatura,,10192,1744,1a166f5793921ecea06af25411a5c954cb70dbc518fa068cdd77b8a0ec845f12,
MEDIA-012,acquired_extracted,Ramaphosa says negotiation was Marikana panacea,2014,Mining Weekly,https://www.miningweekly.com/article/negotiation-was-marikana-panacea-ramaphosa-2014-08-11,https://www.miningweekly.com/article/negotiation-was-marikana-panacea-ramaphosa-2014-08-11,200,text/html,http,265438,0ea95380e9d9ba775766130688c0b2ae5c440319c88fdcb152b7bcbc5db316a8,trafilatura,,6226,1001,edab384124e0ab38110243c11517904760d71a21ed61980f0b661a57cd1431d4,
MEDIA-013,acquired_extracted,Ramaphosa questioned about Marikana inaction,2014,Mining Weekly,https://www.miningweekly.com/article/ramaphosa-questioned-about-marikana-inaction-2014-08-12,https://www.miningweekly.com/article/ramaphosa-questioned-about-marikana-inaction-2014-08-12,200,text/html,http,263066,f77ec0ab796c84d47446f204c8adfb163aac6df5236fc9cbb4999f62a665bf3f,trafilatura,,4372,685,7eca024ba909dab5f7c424731ea32fcba06ec2b2c6237d280f11f8525211bb26,
MEDIA-014,acquired_extracted,Lonmin affirms Farlam report,2015,Mining Weekly,https://www.miningweekly.com/article/lonmin-affirms-farlam-report-2015-08-21,https://www.miningweekly.com/article/lonmin-affirms-farlam-report-2015-08-21,200,text/html,http,260146,8ff50a56d73298e9af8c4214cd1de186da7bac416108e8618076b1e0cdcdb81d,trafilatura,,4735,767,a475ba3fa020d47c538f742760723846d547332a90f1f1a400bf75fa29cb9698,
MEDIA-015,acquired_extracted,NUM welcomes further investigation recommendation defends member actions,2015,Mining Weekly,https://www.miningweekly.com/article/num-welcomes-further-investigation-recommendation-defends-member-actions-2015-06-26,https://www.miningweekly.com/article/num-welcomes-further-investigation-recommendation-defends-member-actions-2015-06-26,200,text/html,http,269537,87f406fc0e6359a9876e1e0fb7fdf0e90e0c55457ccbc9b18047203d3d72c59c,trafilatura,,7686,1203,06dad4aea3bb1d14483f863d2af85a74779f3ee8cd79336a497ad6c35392f952,
MEDIA-016,acquired_extracted,Lonmin unveils design proposal for Marikana memorial park showcases new apartments,2017,Mining Weekly,https://www.miningweekly.com/article/lonmin-unveils-design-proposal-for-marikana-memorial-park-showcases-new-apartments-2017-08-15,https://www.miningweekly.com/article/lonmin-unveils-design-proposal-for-marikana-memorial-park-showcases-new-apartments-2017-08-15,200,text/html,http,274985,f60640865dd0e866fd946c2ed0dfe9e2980b509f385e87063dcf546ce82252e2,trafilatura,,5764,907,83def0e825670814873daa068fcc12af8e098db976df5e2603884e4305ec6136,
MEDIA-017,acquired_extracted,Six years on there is no accountability for the elite police unit shootings at Marikana Scene 2,2018,Daily Maverick,https://www.dailymaverick.co.za/article/2018-08-16-six-years-on-there-is-no-accountability-for-the-elite-police-unit-shootings-at-marikana-scene-2/,https://www.dailymaverick.co.za/article/2018-08-16-six-years-on-there-is-no-accountability-for-the-elite-police-unit-shootings-at-marikana-scene-2/,200,text/html,http,345737,0f448b316c5f6b9c716bd11be12e54cf14fbda250882f7607f92a661c70da4cf,trafilatura,,10579,1846,6cfdce2ce3a789b738dbf0c8689dd8a7fb7395ed0201ad3d44d1829411759b00,
MEDIA-018,acquired_extracted,Sibanye hosts Marikana memorial lecture,2020,Mining Weekly,https://www.miningweekly.com/article/sibanye-hosts-marikana-memorial-lecture-2020-08-14,https://www.miningweekly.com/article/sibanye-hosts-marikana-memorial-lecture-2020-08-14,200,text/html,http,269485,463e73774ccd35ff91eac4db323fe79e5a94aa51ee9c879e43bf4bcd93aa4e57,trafilatura,,7061,1154,2c8d60b709cc129a754b5efac02330a35bce85f24ff47f5c99bee0a80ec4b086,
MEDIA-019,acquired_extracted,Marikana: The unfolding of a never-ending tragedy,2021,Daily Maverick,https://www.dailymaverick.co.za/article/2021-08-14-marikana-the-unfolding-of-a-never-ending-tragedy/,https://www.dailymaverick.co.za/article/2021-08-14-marikana-the-unfolding-of-a-never-ending-tragedy/,200,text/html,http,553023,126d819c3dcb0a9090598628f380edd374a73c30ce89483960a6f47ec740c38e,trafilatura,,18932,3077,a4028b0469f47c91edd08cf951e53adb7830645fb37608c81622fc07ae5c6aed,
MEDIA-020,acquired_extracted,Families of slain Marikana mine workers reflect on decade of betrayal,2022,Daily Maverick,https://www.dailymaverick.co.za/article/2022-08-15-marikana-families-of-slain-mineworkers-reflect-on-10-years-of-betrayal/,https://www.dailymaverick.co.za/article/2022-08-15-marikana-families-of-slain-mineworkers-reflect-on-10-years-of-betrayal/,200,text/html,http,435461,a66cfb9fdf8bfaecba68ced8c5f2b1a49a917c517c3223929ad16448e0f69725,trafilatura,,8365,1455,6ccb3b81face2a2553d834e1f45bf8271d2f1fde76c315de877313595d190a35,
MEDIA-021,acquired_extracted,The smell of blood comes back to me as I think of Marikana,2022,Daily Maverick,https://www.dailymaverick.co.za/article/2022-08-15-the-smell-of-blood-comes-back-to-me-as-i-remember-sas-dark-day-in-a-north-west-village/,https://www.dailymaverick.co.za/article/2022-08-15-the-smell-of-blood-comes-back-to-me-as-i-remember-sas-dark-day-in-a-north-west-village/,200,text/html,http,328915,f97d760e843481d92b8c819e1c028a4a72e7757902d238a7a34f0651147056e6,trafilatura,,2832,501,8823b8e05ebbfa07a7abdf5b00cdd056c1b3e76983d284ce591408153e36d788,
MEDIA-022,acquired_extracted,"Lonmin Q1 2014 mining production down 10%, will revise full-year guidance as result of strikes",2014,Mining Weekly,https://www.miningweekly.com/article/lonmin-q1-2014-mining-production-down-10-will-revise-full-year-guidance-as-result-of-strikes-2014-01-30,https://www.miningweekly.com/article/lonmin-q1-2014-mining-production-down-10-will-revise-full-year-guidance-as-result-of-strikes-2014-01-30,200,text/html,http,265678,ba40a0e9ca5455460996f4307435a80b4dbf8ac5c67bbe06d63af0d797a6fb4d,trafilatura,,5076,822,396f6738d4eea771b916be6808589f3a3700585532b8df9e0d4be6e3003b275d,
MEDIA-023,acquired_extracted,AMCU members defy call to return to work,2014,Engineering News,https://www.engineeringnews.co.za/article/amcu-members-defy-call-to-return-to-work-2014-05-14,https://www.engineeringnews.co.za/article/amcu-members-defy-call-to-return-to-work-2014-05-14,200,text/html,http,252887,23b5d7111513539e409dee4f78d62879bc48fde6e3def618372d16ad2aa51975,trafilatura,,3270,543,6af4090da393751b5bb61720747916424f76f7e8100aa237a0c5ce52d4348618,
MEDIA-024,acquired_extracted,"Lonmin, AMCU celebrate finalisation of landmark BEE equity deal",2014,Mining Weekly,https://www.miningweekly.com/article/lonmin-amcu-celebrate-finalisation-of-landmark-bee-equity-deal-2014-12-12,https://www.miningweekly.com/article/lonmin-amcu-celebrate-finalisation-of-landmark-bee-equity-deal-2014-12-12,200,text/html,http,263243,41fce052a88f1f5f3f06b6c51f8991d2aeabb15225b82f2c0a340b3dce3519b9,trafilatura,,6046,962,3ffb2c1161ceeeeb6c9ec3c9296f44d940fca2c67395036998153683a2106cf5,
MEDIA-025,acquired_extracted,"Farlam wants workers housed, Mining Charter goes to court, coal firms transform for Eskom",2015,Mining Weekly,https://www.miningweekly.com/article/farlam-wants-workers-housed-mining-charter-goes-to-court-coal-firms-transform-for-eskom-2015-06-26,https://www.miningweekly.com/article/farlam-wants-workers-housed-mining-charter-goes-to-court-coal-firms-transform-for-eskom-2015-06-26,200,text/html,http,264252,2483db2fd33a9076e5f59cd840118d84bf5405df2e89c98437a7036261c1ee54,trafilatura,,5285,854,9b50f81754ffe002d4e2de9358ad98ea8c502b129b7948cf87ec0ba0786803c9,
MEDIA-026,acquired_extracted,"Lonmin cuts workforce, shrinks capex, lowers unit costs",2015,Mining Weekly,https://www.miningweekly.com/article/lonmin-cuts-workforce-shrinks-capex-lowers-unit-costs-2015-11-13,https://www.miningweekly.com/article/lonmin-cuts-workforce-shrinks-capex-lowers-unit-costs-2015-11-13,200,text/html,http,260757,0bf279883ed8ad8bc26aca145d57a03bb3c3223b90a2f10764ddc7fee2973d8b,trafilatura,,5199,866,73a291d895a1f1e5bdbb7a3ce83dca82f13cc996a82ff039755d4be66de41609,
MEDIA-027,acquired_extracted,Corobrik's quality face bricks used in the construction of Marikana's housing project,2016,Engineering News,https://www.engineeringnews.co.za/article/corobriks-quality-face-bricks-used-in-the-construction-of-marikanas-housing-project-2016-05-23,https://www.engineeringnews.co.za/article/corobriks-quality-face-bricks-used-in-the-construction-of-marikanas-housing-project-2016-05-23,200,text/html,http,253450,11e895803ef5a24d7a86fa9df634e311d80cf3638d5f4e6e682a59258fd95c2a,trafilatura,,4994,765,3b2a699a7485abccf8898778df3ce4e502040aa806c3b63c1058fec30fe7f7e9,
MEDIA-028,acquired_extracted,"Objectives are to cut fixed costs, minimise capex, up efficiencies",2017,Mining Weekly,https://www.miningweekly.com/article/objectives-are-to-cut-fixed-costs-minimise-capex-up-efficiencies-2017-04-07,https://www.miningweekly.com/article/objectives-are-to-cut-fixed-costs-minimise-capex-up-efficiencies-2017-04-07,200,text/html,http,270576,0f5609e57fb5358dd7cf7c70d2913d55685535fdc134481975feaeeaf7f3b80c,trafilatura,,4943,793,b3e91d51d7748897d37ea3ed3a213c622e349978ef41061c6613e6aefa3a4e80,
MEDIA-029,acquired_extracted,The lost platinum sector jobs are not coming back,2019,Daily Maverick,https://www.dailymaverick.co.za/article/2019-10-24-the-lost-platinum-sector-jobs-are-not-coming-back/,https://www.dailymaverick.co.za/article/2019-10-24-the-lost-platinum-sector-jobs-are-not-coming-back/,200,text/html,http,291334,5f9564151816142aa2c9aa105932306d1ef7d5e48d0389b5c9365d002125973d,trafilatura,,8004,1303,87c746807464b44ce7cc29f4de3d33ac00efbc9d6115e44c3c572cd530aa5557,
MEDIA-030,acquired_extracted,"One decade on, the Marikana mine has seen a turnaround in fortunes and is making a punchy profit",2022,Daily Maverick,https://www.dailymaverick.co.za/article/2022-08-14-one-decade-on-the-marikana-mine-has-seen-a-turnaround-in-fortunes-and-is-making-a-punchy-profit/,https://www.dailymaverick.co.za/article/2022-08-14-one-decade-on-the-marikana-mine-has-seen-a-turnaround-in-fortunes-and-is-making-a-punchy-profit/,200,text/html,http,300055,679d0606aa5b67848f79f380640b1752623ed1032395f9d82c303610bb38c1d6,trafilatura,,4701,829,396285d7aca0c92cd390e086048d084c1081fee2013d9a5316de042e5abc881a,
MEDIA-031,acquired_extracted,Lonmin donates 50 ha of land for residential development,2013,Mining Weekly,https://www.miningweekly.com/article/lonmin-donates-50-ha-of-land-for-residential-development-2013-10-29,https://www.miningweekly.com/article/lonmin-donates-50-ha-of-land-for-residential-development-2013-10-29,200,text/html,http,264064,60f2dc71e8038685a3bb5fb7e4b6027635dc8513ce51de64ccc1037c98f4364a,trafilatura,,3917,605,f15bdc75caa4292e77d6090dee3e8431cc21e5b4870a1731eee6262c42bf6bc2,
MEDIA-032,acquired_extracted,80 000 AMCU workers on strike in platinum sector,2014,Mining Weekly,https://www.miningweekly.com/article/80-000-amcu-workers-on-strike-in-platinum-sector-2014-01-23,https://www.miningweekly.com/article/80-000-amcu-workers-on-strike-in-platinum-sector-2014-01-23,200,text/html,http,267504,772a76f409c6c4566d0bcf2492e55681601c661e7a264579e41cc18649196d9e,trafilatura,,7586,1229,2f6cb9918160f43f34334c1b37f3b2e52117cde181fb6a9002e2b39985d5cace,
MEDIA-033,acquired_extracted,Strike-hit mothers have no food to put on the table – Lonmin,2014,Mining Weekly,https://www.miningweekly.com/article/strike-hit-mothers-have-no-food-to-put-on-the-table-lonmin-2014-04-03,https://www.miningweekly.com/article/strike-hit-mothers-have-no-food-to-put-on-the-table-lonmin-2014-04-03,200,text/html,http,268370,b45a46bd2004257caf1598712e09f6d356f0397c8a0c01902f02b07416204399,trafilatura,,7789,1284,d0d8ad3f9a97f83d690cfdf1aee34adabd26c811affcb9d66b3a98536ae8f3dc,
MEDIA-034,acquired_extracted,Miners regress on ARV treatment – Lonmin,2014,Mining Weekly,https://www.miningweekly.com/article/miners-regress-on-arv-treatment-lonmin-2014-04-14,https://www.miningweekly.com/article/miners-regress-on-arv-treatment-lonmin-2014-04-14,200,text/html,http,262884,ef4a60c940dec6465de5cd5071f0ac1854b4026ab48630925aae2b2145d8d2a6,trafilatura,,3928,624,32dff3710011ff2a46ffbbff828f71baf03bf4288a32ce55691254150f772aee,
MEDIA-035,acquired_extracted,"AMCU opens strike fund for members, calls for donations",2014,Mining Weekly,https://www.miningweekly.com/article/amcu-opens-strike-fund-for-members-calls-for-donations-2014-04-15,https://www.miningweekly.com/article/amcu-opens-strike-fund-for-members-calls-for-donations-2014-04-15,200,text/html,http,265269,48fe0ca76c7f7877e01d525501ffa0b494b85a2b193c25eb0be8288291eabe97,trafilatura,,4338,681,9dbe8e388e1624b1067350570175ab5ab5763cda7b8f0edcd0f8dd3f54111cd3,
MEDIA-036,acquired_extracted,AMCU considering all options – negotiator,2014,Mining Weekly,https://www.miningweekly.com/article/amcu-considering-all-options-negotiator-2014-05-29,https://www.miningweekly.com/article/amcu-considering-all-options-negotiator-2014-05-29,200,text/html,http,262403,03d0e4ebf1a499c83c04698b6a709ce7198e3d8fce749f44bb996e33727a1f84,trafilatura,,4532,742,0c0e4bc7b7e86b31ace62b8cacc6633f07a188a650e90439d759cd75403e76ae,
MEDIA-037,acquired_extracted,Housing Miners,2014,Mining Weekly,https://www.miningweekly.com/article/housing-miners-2014-11-11,https://www.miningweekly.com/article/housing-miners-2014-11-11,200,text/html,http,272706,97b5a2a84d04f4fadfce9b47a13337d994ffc99f2b0a42777ec6c6e38a5bb233,trafilatura,,11230,1746,22494656646156ca166a0185f09816764624b90424c18c7038a7c97832c9f8bf,
MEDIA-038,acquired_extracted,"AMCU stands firm on R12 500 demand, Lonmin calls on union to reconsider 9%",2014,Mining Weekly,https://www.miningweekly.com/article/amcu-stands-firm-on-r12-500-demand-lonmin-calls-on-union-to-reconsider-9-2014-04-03,https://www.miningweekly.com/article/amcu-stands-firm-on-r12-500-demand-lonmin-calls-on-union-to-reconsider-9-2014-04-03,200,text/html,http,265168,df8beb4ac521b6e8b2b1e028d20141e30f5d03a0f035121a91cec884d4a51d0e,trafilatura,,4958,812,040191d4838fb1777e4c09bf3b6553008fa940f303d62c3ea45a45d3654639b0,
MEDIA-039,acquired_extracted,Mining towns get R18bn facelift,2015,Mining Weekly,https://www.miningweekly.com/article/mining-towns-get-r18bn-facelift-2015-07-01,https://www.miningweekly.com/article/mining-towns-get-r18bn-facelift-2015-07-01,200,text/html,http,269134,936bf4577ee2b0af1551a3ec29a59515af53992d8ee8878dff92444d10e7d05d,trafilatura,,10823,1622,2476688ef14727bae85106700546f0003da44f6bee589cfe367bc2795104b523,
MEDIA-040,acquired_extracted,"Farlam finds against Lonmin, recommends enforced housing delivery",2015,Mining Weekly,https://www.miningweekly.com/article/farlam-finds-against-lonmin-recommends-enforced-housing-delivery-2015-06-25,https://www.miningweekly.com/article/farlam-finds-against-lonmin-recommends-enforced-housing-delivery-2015-06-25,200,text/html,http,274987,f17467a230566957f7b6c3d22c5dce171fc0b66462c6c17b0c99d7c5e130ef4b,trafilatura,,13671,2195,aba4d988ecb1f984c9db7485d4c394169b2fa8f19b35715076ae73c371b0fff0,
MEDIA-041,acquired_extracted,Govt commits billions for revitalisation of mining-dependent communities,2016,Mining Weekly,https://www.miningweekly.com/article/govt-commits-billions-for-revitalisation-of-mining-dependent-communities-2016-02-05,https://www.miningweekly.com/article/govt-commits-billions-for-revitalisation-of-mining-dependent-communities-2016-02-05,200,text/html,http,273140,7ad4bf3437ab8ec082c92a7ba82dece60d7d0ed045ee2966fbdc7fce621d24ee,trafilatura,,11340,1676,78ef36ebc8c5ed54d1c5436b8a35d9c3dce35e30f14f226a1c1dcffcc34f68d1,
MEDIA-042,acquired_extracted,Nothing off table as Lonmin pursues value in low platinum price environment,2017,Mining Weekly,https://www.miningweekly.com/article/nothing-off-table-as-lonmin-pursues-value-in-low-platinum-price-environment-2017-04-07,https://www.miningweekly.com/article/nothing-off-table-as-lonmin-pursues-value-in-low-platinum-price-environment-2017-04-07,200,text/html,http,282018,6fd19b9938e582b3b3c936831d46ee6901ae27be52a7a5dd780a7696ac832f1f,trafilatura,,13138,2194,6061ab8372dc8705607ee2e80f22eddb1823540cd28139c51c8ee580384ec589,
MEDIA-043,acquired_extracted,"Sibanye-Stillwater to acquire embattled Lonmin, completes PGMs strategy",2017,Mining Weekly,https://www.miningweekly.com/article/sibanye-stillwater-to-acquire-embattled-lonmin-in-all-share-offer-2017-12-14,https://www.miningweekly.com/article/sibanye-stillwater-to-acquire-embattled-lonmin-in-all-share-offer-2017-12-14,200,text/html,http,276873,f21c358253fdad9e7c20258656a54d69c79a6a4d101b97c8224df2f55bf1632b,trafilatura,,10473,1607,b9892834f1cbe860c528349fc2ba8afeb493eabf13b4937863f076cd452c1196,
MEDIA-044,acquired_extracted,Lonmin transaction filed with South Africa's competition authority,2018,Mining Weekly,https://www.miningweekly.com/article/lonmin-transaction-filed-with-south-africas-competition-body-2018-03-30,https://www.miningweekly.com/article/lonmin-transaction-filed-with-south-africas-competition-body-2018-03-30,200,text/html,http,263016,0ca655c1579fdb7043d7fb894406ba0250502012284bab263353c6889e8450c7,trafilatura,,3017,461,10452e2ceaf61ca07457392bc02492cb741ec4b6116c53439d6d23c0d66f2e85,
MEDIA-045,acquired_extracted,Reserve Bank approves Sibanye's buyout of Lonmin,2018,Mining Weekly,https://www.miningweekly.com/article/reserve-bank-approves-sibanyes-buyout-of-lonmin-2018-05-15,https://www.miningweekly.com/article/reserve-bank-approves-sibanyes-buyout-of-lonmin-2018-05-15,200,text/html,http,267490,ca4f390aa3a0e7bd65cb269a5dbc6b72fbba6423d16d82d30495408186b1b87c,trafilatura,,3980,613,f4a5a5898d9205af007a8513614c350494b9e634a67d916f3b44a7028781356c,
MEDIA-046,acquired_extracted,UK regulatory body approves Sibanye's acquisition of Lonmin,2018,Mining Weekly,https://www.miningweekly.com/article/uk-regulatory-body-approves-sibanyes-acquisition-of-lonmin-2018-06-28,https://www.miningweekly.com/article/uk-regulatory-body-approves-sibanyes-acquisition-of-lonmin-2018-06-28,200,text/html,http,267030,392d71651c354e4a549f74973451359cddc132011a6d7ccdb9620134a357e1b4,trafilatura,,3305,514,b0de2eeb946d6b7ca282f9c428e00ed9267c84a1645b8e6f38fddf088f391baa,
MEDIA-047,acquired_extracted,"Tribunal approves Sibanye, Lonmin merger; imposes 6-month moratorium on retrenchments",2018,Mining Weekly,https://www.miningweekly.com/article/tribunal-approves-sibanye-lonmin-merger-imposes-6-month-moratorium-on-retrenchments-2018-11-21,https://www.miningweekly.com/article/tribunal-approves-sibanye-lonmin-merger-imposes-6-month-moratorium-on-retrenchments-2018-11-21,200,text/html,http,268429,b61f122905b946f63e9b6e99443b1897d73945af96cfa9c13d2865768fd76082,trafilatura,,4040,614,bd469379229593a9cc3e5c58797db128797998c4ad643dda47ed2ae4c856fb90,
MEDIA-048,acquired_extracted,"Lonmin undertakes refinancing, delivers on results promise",2018,Mining Weekly,https://www.miningweekly.com/article/lonmin-undertakes-refinancing-delivers-on-results-promise-2018-10-22,https://www.miningweekly.com/article/lonmin-undertakes-refinancing-delivers-on-results-promise-2018-10-22,200,text/html,http,273864,7beb906ebb7baa150c5c33bf77532bc455aa7e43475cbca1a2e1c9bdcec0c1a4,trafilatura,,8459,1360,7494c609004d6dc2ee02157a889141687cd472ff8baf6a3a5feb8506b0bd7940,
MEDIA-049,acquired_extracted,"Sibanye, Lonmin merger enters final stretch as AMCU appeal is dismissed",2019,Mining Weekly,https://www.miningweekly.com/article/sibanye-lonmin-merger-enters-final-stretch-as-amcu-appeal-is-dismissed-2019-05-17,https://www.miningweekly.com/article/sibanye-lonmin-merger-enters-final-stretch-as-amcu-appeal-is-dismissed-2019-05-17,200,text/html,http,269948,144605c62c775b4ac5bb3cc2122073e2d25475477439be0dea5407eba930e134,trafilatura,,4737,764,c94122a498152a45f32f39b92e46070b1952569252c6da5a7e7ea715869e20d9,
MEDIA-050,acquired_extracted,Rustenburg communities want ConCourt to set aside Sibanye's Lonmin takeover,2019,Mining Weekly,https://www.miningweekly.com/article/rustenburg-communities-want-concourt-to-set-aside-sibanyes-lonmin-takeover-2019-07-19,https://www.miningweekly.com/article/rustenburg-communities-want-concourt-to-set-aside-sibanyes-lonmin-takeover-2019-07-19,200,text/html,http,265495,1f22296b2770703afbe08e40696603f6ae91beae4cb51fdf1625f8fbb4639ca2,trafilatura,,4862,768,1a85d6200a97535e6e670285c20e61c67306760932021614286cc1e1935ea2d4,
MEDIA-051,acquired_extracted,Sibanye plans to cut 5 270 jobs as it restructures Marikana operations,2019,Mining Weekly,https://www.miningweekly.com/article/sibanye-plans-to-cut-5-270-jobs-as-it-restructures-marikana-operations-2019-09-25,https://www.miningweekly.com/article/sibanye-plans-to-cut-5-270-jobs-as-it-restructures-marikana-operations-2019-09-25,200,text/html,http,271395,29c13cba401a9dcff542f38c949a6b96501aa667abd5eccb7a773430abb1449e,trafilatura,,6368,976,e71f25a7e3e093cbdf796ff91aa46bba8425c4b9cf21e82789161f1ff62a1674,
MEDIA-052,acquired_extracted,Sibanye-Stillwater intensifies PGMs presence,2019,Mining Weekly,https://www.miningweekly.com/article/sibanye-stillwater-intensifies-pgms-presence-2019-08-23,https://www.miningweekly.com/article/sibanye-stillwater-intensifies-pgms-presence-2019-08-23,200,text/html,http,273547,769d1f5837b9e5f3c217a357d6f61f0224754d24f55d1775296ad7b0a98222f4,trafilatura,,7772,1201,399add8961c0b17a5c6345b7a4731dda6c77c7a2cbcdc03501bd058dc7abd6e9,
MEDIA-053,acquired_extracted,Sibanye confirms final Marikana retrenchment figures,2020,Mining Weekly,https://www.miningweekly.com/article/sibanye-confirms-final-marikana-retrenchment-figures-2020-01-16,https://www.miningweekly.com/article/sibanye-confirms-final-marikana-retrenchment-figures-2020-01-16,200,text/html,http,268552,e0d61b7e65373ff2a64f264cb771838fe8f5e1c113b16b8d92509dcf1b4c1f11,trafilatura,,3499,551,d538cb764f7e9652e7d9aa02e873b8a924439001623f27b70cd3e86cdc8eee80,
MEDIA-054,acquired_extracted,"Sibanye launches campaign to reimagine, foster Marikana community of the future",2021,Mining Weekly,https://www.miningweekly.com/article/sibanye-launches-campaign-to-reimagine-foster-marikana-community-of-the-future-2021-04-16,https://www.miningweekly.com/article/sibanye-launches-campaign-to-reimagine-foster-marikana-community-of-the-future-2021-04-16,200,text/html,http,275573,efeca1c248c19456b531ec29e8843acf77c2e27f4a92833c8f1a256a4e0fcac6,trafilatura,,7676,1227,20a56b1c4dbea760ceef02a774ff6394ffc8128a44cb8116c89cbe89e841807e,
MEDIA-055,acquired_extracted,Sibanye to hold webcast series to aid healing and renewal in Marikana,2021,Mining Weekly,https://www.miningweekly.com/article/sibanye-to-hold-webcast-series-to-aid-healing-and-renewal-in-marikana-2021-08-11,https://www.miningweekly.com/article/sibanye-to-hold-webcast-series-to-aid-healing-and-renewal-in-marikana-2021-08-11,200,text/html,http,268273,abf4f3c09a013cb52016bf4052606ed1b985ba5b6ca52c5998568c4f9c00c45f,trafilatura,,6011,961,2613ba3b2b86f52b948088b2ab4c973c98d9f933408eb9c735a403d25cb0a7a9,
MEDIA-056,acquired_extracted,Amcu's Marikana PGM miners demand pay hikes of up to 40% from Sibanye,2022,Daily Maverick,https://www.dailymaverick.co.za/article/2022-05-03-exclusive-amcus-marikana-pgm-miners-demand-pay-hikes-of-up-to-40-from-sibanye/,https://www.dailymaverick.co.za/article/2022-05-03-exclusive-amcus-marikana-pgm-miners-demand-pay-hikes-of-up-to-40-from-sibanye/,200,text/html,http,265007,27638c4a04273740763b909c4cf085bc365a89486b55b45d2910e6246f2bdab3,trafilatura,,3360,615,39e628e6853f91deb9da67efeca2ae1201dcce06bdbc5bf9552f4a4fbde30aa4,
MEDIA-057,acquired_extracted,"Mine workers have seen significant wage growth since Marikana, but social burdens undermine gains",2022,Daily Maverick,https://www.dailymaverick.co.za/article/2022-07-24-mine-workers-have-seen-significant-wage-growth-since-marikana-but-social-burdens-undermine-gains/,https://www.dailymaverick.co.za/article/2022-07-24-mine-workers-have-seen-significant-wage-growth-since-marikana-but-social-burdens-undermine-gains/,200,text/html,http,351122,277bb06a8898780bf6b51587e3bbb0b6a9013eb8cd3041f309f83390f9798dcb,trafilatura,,11167,1877,9a5336c74d76ef52480d800c3d0ee3237e633e6ffbd99d87a864cbc05256a367,
MEDIA-058,acquired_extracted,Marikana miners: We'll fight another 10 years to taste justice,2022,Daily Maverick,https://www.dailymaverick.co.za/article/2022-08-13-mine-workers-symbolising-sas-tragic-day-well-fight-another-10-years-to-taste-justice/,https://www.dailymaverick.co.za/article/2022-08-13-mine-workers-symbolising-sas-tragic-day-well-fight-another-10-years-to-taste-justice/,200,text/html,http,431640,6a5523d5ef09e8bccb7d40c9403ae9df65538cf18a5a33618f5efac04470bb30,trafilatura,,12928,2080,1314f0f7a504f71769daf5fc0133eb761a1f305dbfe843446107a2093374f468,
CORP-001,acquired_no_text,Lonmin Plc Annual Report and Accounts 2012,2012,Lonmin Plc,https://www.annualreports.com/HostedData/AnnualReportArchive/l/LSE_LMI_2012.pdf,https://www.annualreports.com/HostedData/AnnualReportArchive/l/LSE_LMI_2012.pdf,200,application/pdf,http,3991451,8d52b61cb15ebf62ecdadc6edf8fd9ee0b3bff122ac9725b4681a898d1b1ac0a,pypdf_error:DependencyError,0,0,0,,
CORP-002,acquired_extracted,Lonmin Plc Annual Report and Accounts 2013,2013,Lonmin Plc,https://www.annualreports.com/HostedData/AnnualReportArchive/l/LSE_LMI_2013.pdf,https://www.annualreports.com/HostedData/AnnualReportArchive/l/LSE_LMI_2013.pdf,200,application/pdf,http,5274690,d262b5ecbc5d39d6fa3c9a7184042451023db4b43806713e8438a826f183c6d3,pypdf,192,714622,122805,097df1cc30eb00b79ca47ba1406c009f729c5b3742f301037f553faebe843545,
CORP-003,acquired_no_text,Lonmin Plc Annual Report and Accounts 2014,2014,Lonmin Plc,https://www.annualreports.com/HostedData/AnnualReportArchive/l/LSE_LMI_2014.pdf,https://www.annualreports.com/HostedData/AnnualReportArchive/l/LSE_LMI_2014.pdf,200,application/pdf,http,6790472,b6ca01afa36756f2170e2902ccdf6990a1a2a485ceb06f61197c0ae5b587bde9,pypdf_error:DependencyError,0,0,0,,
CORP-004,acquired_extracted,Lonmin Plc Annual Report and Accounts 2016,2016,Lonmin Plc,https://www.annualreports.com/HostedData/AnnualReportArchive/l/LSE_LMI_2015.pdf,https://www.annualreports.com/HostedData/AnnualReportArchive/l/LSE_LMI_2015.pdf,200,application/pdf,http,5380832,0b06b6e678dd0f17b5ab74e54f82425a26d5458f6b8e3dd6cdc2e6b1535d3ff2,pypdf,216,761735,147501,372d89213c079051a4bac59399ddaf01baedebdbccd07650d6011a60108bbdb9,
CORP-006,acquired_extracted,Lonmin Plc Annual Report and Accounts 2017,2017,Lonmin Plc,https://www.sibanyestillwater.com/wp-content/uploads/transactions/lonmin/final-offer/lonmin-year-end-30september2017.pdf,https://www.sibanyestillwater.com/wp-content/uploads/transactions/lonmin/final-offer/lonmin-year-end-30september2017.pdf,200,application/pdf,http,1020946,f090e434d42905aa01f232e8493c64ad1c6a824dde130028015ca0f649e84de4,pypdf,69,217428,41631,cd825ea998391515fea0962ac1b0e7dfe0f85ff11af04c754283eea3fbdab665,
CORP-007,acquired_extracted,Lonmin Plc Annual Report and Accounts 2018,2018,Lonmin Plc,https://www.sibanyestillwater.com/wp-content/uploads/transactions/lonmin/lonmin-annual-report-2018.pdf,https://www.sibanyestillwater.com/wp-content/uploads/transactions/lonmin/lonmin-annual-report-2018.pdf,200,application/pdf,http,4294860,0b036a9e37cb21e6d33758be4da2dd9059b6725d4ecfab1f01ac810e169f5231,pypdf,200,624152,98841,17dd284cce4cfd55bf9698e2ed0ad6bec3e5f35317fdca75fc0db181ffc07d55,
CORP-008,acquired_extracted,Sibanye-Stillwater Integrated Report 2019,2019,Sibanye-Stillwater,https://reports.sibanyestillwater.com/2019/,https://reports.sibanyestillwater.com/2019/,200,text/html,http,41636,fcbb0bfa475e25c2566e04227b83eb54179d61e45accbb1b4c4da2b47b4275f7,trafilatura,,1949,325,fbe4d902b6f9bb236364d0ad746066f34f4390f05ce19eaa6d47cd0873cf5f04,
CORP-009,acquired_extracted,Sibanye-Stillwater Integrated Report 2020,2020,Sibanye-Stillwater,https://reports.sibanyestillwater.com/2020/,https://reports.sibanyestillwater.com/2020/,200,text/html,http,57708,661f6c261e74a1fcb070ab1bf181003aeb7fbe70b6d01dd1def5a36eb4489c7b,trafilatura,,19229,2730,09efb0bae2902b52bb5afd71974c067e54a5db339737805e2ca6d866e856e80b,
CORP-010,acquired_extracted,Sibanye-Stillwater Integrated Report 2021,2021,Sibanye-Stillwater,https://reports.sibanyestillwater.com/2021/,https://reports.sibanyestillwater.com/2021/,200,text/html,http,78601,36cf0fd57f288b7e4d3cdbb03dfabda47b2a08d62abf877c8c07c805b2b7b90d,trafilatura,,22238,3227,3be4a7993f2e0aa61c4778d8c7eba2f22f8fe400c7d5baae905685b1f8d4157a,
CORP-011,acquired_extracted,Sibanye-Stillwater Integrated Report 2022,2022,Sibanye-Stillwater,https://reports.sibanyestillwater.com/2022/,https://reports.sibanyestillwater.com/2022/,200,text/html,http,97808,077e0926b43fc57f79f7703a0e02016a3547925876a032aee593ff12ba6abdf8,trafilatura,,1908,301,919e88000e6205c2a277b8445e630e8939fb7889aae8c4bcab3dca946e1619a5,
CORP-012,acquired_extracted,Sibanye-Stillwater Integrated Report 2023,2023,Sibanye-Stillwater,https://reports.sibanyestillwater.com/2023/,https://reports.sibanyestillwater.com/2023/,200,text/html,http,78323,4135f5efcfbc6f1a381add86d36342a5bbf4d8b49842ecd06447f1ee93646429,trafilatura,,14841,2224,29655d83953b9e9c9f469ae12314d18edec78828dbf7ff7adc8d578bec8e7791,
